centroid_id,nearest_station,centroid_crime_count,n_centroids_in_station,uniform_share_in_station,crime_share_in_station,location_share_raw,location_share_in_station,nearest_tree_dist_m,trees_within_10m,trees_within_25m,trees_within_50m,env_within_10m,env_within_25m,env_within_50m,min_station_dist_m,mean_station_dist_m,num_stations_in_radius_from_list,lat,lon
0,East/West,19,34,0.029411764705882353,0.004721669980119284,0.019535726815577126,0.019535726815577126,41.41351537859132,0.0,0.0,2.0,0.0,0.0,0.0,535.83,535.83,1.0,35.212531,-80.865013
1,East/West,3,34,0.029411764705882353,0.0007455268389662028,0.017945269559115892,0.017945269559115892,6.528946110879007,1.0,7.0,11.0,0.0,0.0,1.0,554.33,554.33,1.0,35.213995,-80.864722
2,East/West,51,34,0.029411764705882353,0.012673956262425448,0.02271664132849959,0.02271664132849959,56.908417120924675,0.0,0.0,0.0,0.0,0.0,0.0,465.69,465.69,1.0,35.21309,-80.864091
3,East/West,382,34,0.029411764705882353,0.09493041749502983,0.05561922582154134,0.05561922582154134,6.252870819477355,1.0,1.0,1.0,0.0,0.0,1.0,548.93,548.93,1.0,35.208609,-80.863631
4,East/West,120,34,0.029411764705882353,0.02982107355864811,0.029575488246988656,0.029575488246988656,2.1411449184565226,1.0,4.0,5.0,0.0,0.0,1.0,383.95,383.95,1.0,35.211847,-80.863387
5,East/West,3,34,0.029411764705882353,0.0007455268389662028,0.017945269559115892,0.017945269559115892,21.176710883856938,0.0,2.0,10.0,0.0,0.0,0.0,422.1,422.1,1.0,35.213382,-80.863462
6,East/West,56,34,0.029411764705882353,0.013916500994035786,0.023213659221143726,0.023213659221143726,9.554403786569562,1.0,4.0,9.0,0.0,0.0,0.0,509.81,509.81,1.0,35.214791,-80.863564
7,East/West,55,34,0.029411764705882353,0.013667992047713717,0.0231142556426149,0.0231142556426149,18.578842040330283,0.0,3.0,7.0,0.0,0.0,0.0,323.53,323.53,1.0,35.211775,-80.862719
8,East/West,25,34,0.029411764705882353,0.00621272365805169,0.020132148286750088,0.020132148286750088,8.647115142032732,1.0,5.0,12.0,0.0,0.0,2.0,333.43,333.43,1.0,35.212983,-80.862606
9,East/West,558,34,0.029411764705882353,0.1386679920477137,0.0731142556426149,0.0731142556426149,9.677895996654197,1.0,9.0,22.0,0.0,1.0,4.0,284.72,284.72,1.0,35.210672,-80.86189
10,East/West,276,34,0.029411764705882353,0.06858846918489066,0.045082446497485676,0.045082446497485676,30.450662172195546,0.0,0.0,2.0,0.0,0.0,2.0,333.75,333.75,1.0,35.213987,-80.861858
11,East/West,3,34,0.029411764705882353,0.0007455268389662028,0.017945269559115892,0.017945269559115892,9.815896231988564,1.0,8.0,17.0,0.0,1.0,2.0,215.58,215.58,1.0,35.211366,-80.861433
12,East/West,63,34,0.029411764705882353,0.015656063618290257,0.023909484270845514,0.023909484270845514,8.250530171362847,1.0,6.0,14.0,0.0,1.0,5.0,157.18,157.18,1.0,35.212175,-80.860873
13,Bland,24,28,0.03571428571428571,0.005389624971929036,0.02358442141734304,0.023584421417343043,4.437361922858881,1.0,7.0,20.0,0.0,0.0,0.0,497.31,497.31,1.0,35.216431,-80.860695
14,East/West,265,34,0.029411764705882353,0.0658548707753479,0.04398900713366857,0.04398900713366857,8.06744912444023,1.0,2.0,10.0,0.0,0.0,1.0,474.73,474.73,1.0,35.207769,-80.860343
15,East/West,129,34,0.029411764705882353,0.03205765407554672,0.030470120453748098,0.030470120453748098,13.709974656546294,0.0,4.0,9.0,0.0,3.0,7.0,204.25,204.25,1.0,35.210487,-80.860549
16,East/West,104,34,0.029411764705882353,0.02584493041749503,0.027985030990527425,0.027985030990527425,13.13640444859374,0.0,6.0,19.0,0.0,0.0,1.0,165.64,165.64,1.0,35.213197,-80.860153
17,East/West,54,34,0.029411764705882353,0.01341948310139165,0.023014852064086072,0.023014852064086072,8.99255474192549,2.0,4.0,16.0,0.0,0.0,4.0,284.72,284.72,0.0,35.214669,-80.860049
18,East/West,280,34,0.029411764705882353,0.06958250497017893,0.045480060811600984,0.045480060811600984,12.434874864626774,0.0,5.0,14.0,0.0,1.0,4.0,247.89,247.89,1.0,35.209772,-80.859833
19,Bland,38,28,0.03571428571428571,0.008533572872220974,0.024842000577459816,0.02484200057745982,14.357903395659086,0.0,2.0,10.0,0.0,0.0,0.0,465.54,465.54,1.0,35.217406,-80.860021
20,East/West,105,34,0.029411764705882353,0.026093439363817097,0.028084434569056252,0.028084434569056252,3.187479664485758,1.0,3.0,5.0,0.0,0.0,1.0,523.27,523.27,1.0,35.207236,-80.859618
21,East/West,161,34,0.029411764705882353,0.04000994035785288,0.03365103496667056,0.03365103496667056,9.890744661170833,1.0,4.0,12.0,0.0,2.0,8.0,56.84,56.84,1.0,35.211597,-80.859634
22,East/West,9,34,0.029411764705882353,0.0022365805168986083,0.018541691030288854,0.018541691030288854,18.0105942375206,0.0,6.0,28.0,0.0,2.0,4.0,284.72,284.72,0.0,35.214355,-80.859359
23,Bland,32,28,0.03571428571428571,0.007186166629238716,0.02430303808026691,0.024303038080266914,9.314648905639348,1.0,5.0,11.0,0.0,1.0,3.0,467.12,467.12,1.0,35.218454,-80.859295
24,East/West,150,34,0.029411764705882353,0.037276341948310136,0.03255759560285347,0.03255759560285347,8.540952581914095,1.0,5.0,11.0,0.0,0.0,2.0,133.63,133.63,1.0,35.210775,-80.858795
25,East/West,165,34,0.029411764705882353,0.041003976143141156,0.034048649280785874,0.034048649280785874,21.950180919285952,0.0,10.0,26.0,0.0,6.0,12.0,284.72,284.72,0.0,35.212574,-80.858829
26,East/West,16,34,0.029411764705882353,0.003976143141153081,0.019237516079990642,0.019237516079990642,8.63902915235248,1.0,17.0,38.0,0.0,0.0,0.0,333.07,333.07,1.0,35.208966,-80.85866
27,Bland,74,28,0.03571428571428571,0.01661801033011453,0.028075775560617237,0.02807577556061724,10.06694753753291,0.0,6.0,14.0,0.0,0.0,0.0,354.77,354.77,1.0,35.21775,-80.858398
28,Bland,137,28,0.03571428571428571,0.030765775881428252,0.03373488178114273,0.033734881781142735,5.961448036089437,4.0,10.0,36.0,0.0,2.0,4.0,158.91,158.91,0.0,35.215328,-80.858309
29,East/West,62,34,0.029411764705882353,0.015407554671968192,0.023810080692316687,0.023810080692316687,5.20355866990476,3.0,6.0,15.0,0.0,0.0,0.0,387.68,387.68,1.0,35.208554,-80.858111
30,East/West,216,34,0.029411764705882353,0.0536779324055666,0.039118231785756054,0.039118231785756054,9.199680650855182,2.0,18.0,42.0,0.0,2.0,4.0,284.72,284.72,0.0,35.213679,-80.857913
31,Bland,54,28,0.03571428571428571,0.012126656186840333,0.02627923390330756,0.026279233903307563,10.196412716126629,0.0,3.0,8.0,0.0,0.0,1.0,292.22,292.22,1.0,35.217345,-80.857907
32,East/West,18,34,0.029411764705882353,0.0044731610337972166,0.0194363232370483,0.0194363232370483,11.040599022970126,0.0,7.0,18.0,0.0,0.0,1.0,266.76,266.76,1.0,35.209897,-80.857623
33,East/West,310,34,0.029411764705882353,0.07703777335984095,0.04846216816746579,0.04846216816746579,14.662956502128035,0.0,7.0,19.0,0.0,0.0,2.0,134.62,134.62,1.0,35.211751,-80.857709
34,East/West,52,34,0.029411764705882353,0.012922465208747515,0.022816044907028418,0.022816044907028418,23.474361118074267,0.0,4.0,22.0,0.0,0.0,2.0,220.85,220.85,1.0,35.213515,-80.857685
35,East/West,36,34,0.029411764705882353,0.008946322067594433,0.021225587650567184,0.021225587650567184,19.02690442992723,0.0,3.0,16.0,0.0,0.0,0.0,450.56,450.56,1.0,35.208109,-80.857522
36,Bland,542,28,0.03571428571428571,0.12171569728273074,0.07011485034166372,0.07011485034166373,3.6591454421938447,2.0,5.0,16.0,0.0,2.0,4.0,420.85,420.85,1.0,35.219246,-80.857294
37,Bland,33,28,0.03571428571428571,0.007410734336402425,0.024392865163132396,0.0243928651631324,16.605535395123397,0.0,3.0,13.0,0.0,3.0,5.0,440.11,440.11,1.0,35.219516,-80.857072
38,Bland,226,28,0.03571428571428571,0.05075230181899843,0.0417294921561708,0.041729492156170805,10.153680547568488,0.0,6.0,34.0,0.0,2.0,4.0,158.91,158.91,0.0,35.214699,-80.857006
39,Bland,99,28,0.03571428571428571,0.022232203009207276,0.030321452632254338,0.03032145263225434,82.83179847333582,0.0,0.0,0.0,0.0,1.0,3.0,240.49,240.49,1.0,35.21757,-80.856857
40,East/West,47,34,0.029411764705882353,0.011679920477137177,0.022319027014384284,0.022319027014384284,8.246682657452785,1.0,6.0,22.0,0.0,0.0,0.0,267.17,267.17,1.0,35.21087,-80.85654
41,East/West,184,34,0.029411764705882353,0.04572564612326044,0.035937317272833585,0.035937317272833585,10.56168027667499,0.0,10.0,41.0,0.0,0.0,2.0,284.72,284.72,0.0,35.212734,-80.856643
42,Bland,28,28,0.03571428571428571,0.006287895800583876,0.023943729748804977,0.02394372974880498,15.513655105169649,0.0,5.0,7.0,0.0,0.0,1.0,474.62,474.62,1.0,35.219971,-80.856597
43,Bland,151,28,0.03571428571428571,0.03390972378172019,0.034992460941259504,0.03499246094125951,19.805419511805184,0.0,2.0,20.0,0.0,2.0,6.0,158.91,158.91,0.0,35.216099,-80.856237
44,Bland,75,28,0.03571428571428571,0.01684257803727824,0.028165602643482723,0.028165602643482727,13.293863319781765,0.0,3.0,8.0,0.0,0.0,1.0,288.75,288.75,1.0,35.218355,-80.856054
45,Bland,27,28,0.03571428571428571,0.006063328093420166,0.02385390266593949,0.023853902665939494,7.6706526429835415,2.0,8.0,15.0,0.0,0.0,3.0,314.03,314.03,1.0,35.218631,-80.855786
46,East/West,27,34,0.029411764705882353,0.006709741550695825,0.020330955443807742,0.020330955443807742,4.2394356080010684,2.0,6.0,24.0,0.0,1.0,2.0,403.85,403.85,1.0,35.210013,-80.855405
47,East/West,20,34,0.029411764705882353,0.004970178926441352,0.019635130394105953,0.019635130394105953,9.275588473988444,2.0,9.0,25.0,0.0,0.0,0.0,338.38,338.38,1.0,35.211846,-80.855454
48,Bland,134,28,0.03571428571428571,0.03009207275993712,0.03346540053254628,0.033465400532546284,16.963942013744827,0.0,6.0,30.0,0.0,0.0,4.0,158.91,158.91,0.0,35.213671,-80.855609
49,Bland,678,28,0.03571428571428571,0.15225690545699527,0.08233133361136953,0.08233133361136954,4.081876829852565,2.0,4.0,7.0,0.0,0.0,3.0,98.98,98.98,1.0,35.216686,-80.855588
50,Bland,20,28,0.03571428571428571,0.0044913541432741975,0.023225113085881103,0.023225113085881106,8.73895733552509,1.0,4.0,13.0,0.0,0.0,2.0,349.58,349.58,1.0,35.218982,-80.855318
51,Bland,438,28,0.03571428571428571,0.09836065573770492,0.0607728337236534,0.060772833723653406,15.211020975965361,0.0,5.0,15.0,0.0,2.0,2.0,154.13,154.13,1.0,35.214569,-80.854568
52,Bland,3,28,0.03571428571428571,0.0006737031214911295,0.021698052677167876,0.02169805267716788,11.542334443758833,0.0,3.0,8.0,0.0,0.0,2.0,188.5,188.5,1.0,35.217479,-80.854778
53,Bland,37,28,0.03571428571428571,0.008309005165057264,0.024752173494594333,0.024752173494594337,14.688438297598568,0.0,6.0,12.0,0.0,0.0,1.0,347.96,347.96,1.0,35.212774,-80.854414
54,Bland,807,28,0.03571428571428571,0.18122613968111387,0.09391902730101698,0.09391902730101699,11.23824318850556,0.0,3.0,7.0,0.0,0.0,1.0,158.91,158.91,1.0,35.217008,-80.854286
55,Bland,111,28,0.03571428571428571,0.024927015495171793,0.03139937762664014,0.03139937762664015,7.190165789967851,1.0,5.0,18.0,0.0,1.0,2.0,301.04,301.04,1.0,35.218303,-80.853916
56,Bland,145,28,0.03571428571428571,0.03256231753873793,0.0344534984440666,0.03445349844406661,13.43467354589222,0.0,3.0,13.0,0.0,0.0,4.0,311.45,311.45,1.0,35.218378,-80.853841
57,Bland,187,28,0.03571428571428571,0.04199416123961374,0.03822623592441692,0.03822623592441693,12.497419994887736,0.0,8.0,18.0,0.0,0.0,1.0,288.32,288.32,1.0,35.217864,-80.853307
58,Bland,75,28,0.03571428571428571,0.01684257803727824,0.028165602643482723,0.028165602643482727,16.632124299766673,0.0,8.0,21.0,0.0,1.0,2.0,210.29,210.29,1.0,35.215687,-80.852976
59,Bland,143,28,0.03571428571428571,0.03211318212441051,0.03427384427833563,0.03427384427833564,34.31038243971447,0.0,0.0,2.0,0.0,0.0,0.0,264.16,264.16,1.0,35.217197,-80.852903
60,Carson,1,13,0.07692307692307693,0.0007122507122507123,0.04643874643874644,0.04643874643874644,3.4307555922984903,6.0,20.0,40.0,0.0,0.0,0.0,297.86,297.86,0.0,35.21935,-80.852839
61,Carson,142,13,0.07692307692307693,0.10113960113960115,0.08660968660968663,0.08660968660968663,12.832717650501698,0.0,16.0,34.0,0.0,0.0,0.0,297.86,297.86,0.0,35.219598,-80.85258
62,Bland,39,28,0.03571428571428571,0.008758140579384684,0.024931827660325298,0.0249318276603253,5.347948124656034,1.0,7.0,13.0,0.0,0.0,1.0,294.28,294.28,1.0,35.216373,-80.852115
63,Bland,96,28,0.03571428571428571,0.021558499887716145,0.030051971383657883,0.030051971383657887,2.685392057530676,2.0,10.0,31.0,0.0,0.0,0.0,430.96,430.96,1.0,35.218844,-80.852291
64,Carson,268,13,0.07692307692307693,0.1908831908831909,0.12250712250712252,0.12250712250712252,14.187124885967188,0.0,4.0,8.0,0.0,1.0,1.0,341.54,341.54,1.0,35.221779,-80.85213
65,Carson,29,13,0.07692307692307693,0.020655270655270654,0.05441595441595442,0.05441595441595442,14.344139777892995,0.0,10.0,27.0,0.0,0.0,3.0,297.86,297.86,0.0,35.220936,-80.85121
66,Carson,88,13,0.07692307692307693,0.06267806267806268,0.07122507122507123,0.07122507122507123,31.49468651631985,0.0,0.0,13.0,0.0,0.0,0.0,297.86,297.86,0.0,35.22042,-80.850626
67,Carson,232,13,0.07692307692307693,0.16524216524216523,0.11225071225071225,0.11225071225071225,25.41592933686634,0.0,0.0,7.0,0.0,1.0,1.0,130.69,130.69,1.0,35.217768,-80.850391
68,Carson,42,13,0.07692307692307693,0.029914529914529916,0.05811965811965812,0.05811965811965812,15.998794351255787,0.0,6.0,16.0,0.0,0.0,1.0,297.86,297.86,0.0,35.220241,-80.850418
69,Brooklyn Village,50,18,0.05555555555555555,0.030599755201958383,0.04557323541411669,0.04557323541411669,70.18591907186199,0.0,0.0,0.0,0.0,0.0,0.0,314.35,314.35,1.0,35.221776,-80.850362
70,Carson,14,13,0.07692307692307693,0.009971509971509971,0.05014245014245015,0.05014245014245015,69.79253205270905,0.0,0.0,0.0,0.0,0.0,0.0,297.86,297.86,0.0,35.220908,-80.849981
71,Brooklyn Village,9,18,0.05555555555555555,0.0055079559363525096,0.03553651570787433,0.03553651570787433,105.28404704066169,0.0,0.0,0.0,0.0,0.0,0.0,298.0,298.0,1.0,35.222021,-80.850123
72,Brooklyn Village,6,18,0.05555555555555555,0.0036719706242350062,0.03480212158302733,0.03480212158302733,19.160395816932176,0.0,1.0,7.0,0.0,0.0,0.0,490.63,490.63,1.0,35.225013,-80.850034
73,Brooklyn Village,3,18,0.05555555555555555,0.0018359853121175031,0.03406772745818033,0.03406772745818033,73.90231420237927,0.0,0.0,0.0,0.0,0.0,0.0,270.46,270.46,0.0,35.221183,-80.849572
74,Brooklyn Village,16,18,0.05555555555555555,0.009791921664626682,0.03725010199918401,0.03725010199918401,62.41884527793532,0.0,0.0,0.0,0.0,0.0,0.0,270.46,270.46,0.0,35.221273,-80.84944
75,Brooklyn Village,3,18,0.05555555555555555,0.0018359853121175031,0.03406772745818033,0.03406772745818033,104.0435895299285,0.0,0.0,0.0,0.0,0.0,0.0,272.98,272.98,1.0,35.222554,-80.849583
76,Brooklyn Village,59,18,0.05555555555555555,0.03610771113831089,0.04777641778865769,0.04777641778865769,12.68326787876701,0.0,6.0,18.0,0.0,0.0,0.0,408.94,408.94,1.0,35.224424,-80.849494
77,Carson,29,13,0.07692307692307693,0.020655270655270654,0.05441595441595442,0.05441595441595442,8.903585348911252,1.0,10.0,18.0,0.0,2.0,4.0,290.62,290.62,1.0,35.216593,-80.849293
78,Brooklyn Village,8,18,0.05555555555555555,0.004895960832313341,0.035291717666258667,0.035291717666258667,39.30945966712116,0.0,0.0,4.0,0.0,0.0,0.0,270.46,270.46,0.0,35.221366,-80.849271
79,Carson,354,13,0.07692307692307693,0.25213675213675213,0.147008547008547,0.147008547008547,32.440400878281096,0.0,0.0,6.0,0.0,0.0,0.0,297.86,297.86,0.0,35.218651,-80.848905
80,Carson,27,13,0.07692307692307693,0.019230769230769232,0.05384615384615385,0.05384615384615385,36.08880547591007,0.0,0.0,3.0,0.0,0.0,0.0,297.86,297.86,0.0,35.218731,-80.848715
81,Brooklyn Village,164,18,0.05555555555555555,0.1003671970624235,0.07348021215830274,0.07348021215830274,30.09779739605199,0.0,0.0,8.0,0.0,1.0,9.0,270.46,270.46,1.0,35.223455,-80.848521
82,Brooklyn Village,4,18,0.05555555555555555,0.0024479804161566705,0.034312525499796,0.034312525499796,5.884887552551482,2.0,9.0,22.0,0.0,1.0,2.0,435.02,435.02,1.0,35.225082,-80.848555
83,Carson,133,13,0.07692307692307693,0.09472934472934473,0.08404558404558404,0.08404558404558404,12.456081488863173,0.0,5.0,15.0,0.0,1.0,3.0,297.86,297.86,1.0,35.217502,-80.848028
84,Brooklyn Village,393,18,0.05555555555555555,0.2405140758873929,0.1295389636882905,0.1295389636882905,21.401512686987118,0.0,4.0,44.0,0.0,4.0,6.0,270.46,270.46,0.0,35.222488,-80.847424
85,Brooklyn Village,200,18,0.05555555555555555,0.12239902080783353,0.08229294165646675,0.08229294165646675,19.274901393628014,0.0,6.0,32.0,0.0,2.0,8.0,270.46,270.46,0.0,35.224178,-80.847459
86,3rd St/Convention,728,15,0.06666666666666667,0.21816002397362902,0.1272640095894516,0.1272640095894516,8.528919549127005,1.0,7.0,19.0,0.0,1.0,1.0,469.97,469.97,1.0,35.225846,-80.847447
87,3rd St/Convention,17,15,0.06666666666666667,0.005094396164219359,0.04203775846568775,0.04203775846568775,5.9101037809767645,1.0,7.0,16.0,0.0,2.0,10.0,575.59,575.59,1.0,35.227417,-80.847359
88,3rd St/Convention,455,15,0.06666666666666667,0.13635001498351812,0.09454000599340726,0.09454000599340726,19.263901765086892,0.0,3.0,10.0,0.0,1.0,3.0,457.15,457.15,1.0,35.226138,-80.847028
89,Carson,45,13,0.07692307692307693,0.03205128205128205,0.05897435897435897,0.05897435897435897,7.198484395268141,2.0,4.0,7.0,0.0,0.0,0.0,493.12,493.12,1.0,35.216039,-80.846672
90,Brooklyn Village,228,18,0.05555555555555555,0.13953488372093023,0.08914728682170542,0.08914728682170542,94.12152179459129,0.0,0.0,0.0,0.0,0.0,0.0,225.46,225.46,1.0,35.219373,-80.84663
91,Brooklyn Village,142,18,0.05555555555555555,0.08690330477356181,0.06809465524275807,0.06809465524275807,4.928940783934404,2.0,10.0,26.0,0.0,0.0,17.0,270.46,270.46,0.0,35.223194,-80.846399
92,3rd St/Convention,260,15,0.06666666666666667,0.07791429427629608,0.07116571771051844,0.07116571771051844,15.400769119819111,0.0,12.0,46.0,0.0,4.0,10.0,469.97,469.97,0.0,35.22492,-80.846381
93,3rd St/Convention,82,15,0.06666666666666667,0.024572969733293377,0.049829187893317355,0.049829187893317355,52.97716965974586,0.0,0.0,0.0,0.0,0.0,2.0,384.97,384.97,1.0,35.225652,-80.846481
94,3rd St/Convention,12,15,0.06666666666666667,0.003596044351213665,0.04143841774048547,0.04143841774048547,3.354698592649553,1.0,8.0,25.0,0.0,0.0,3.0,447.69,447.69,1.0,35.22658,-80.846392
95,Brooklyn Village,184,18,0.05555555555555555,0.11260709914320685,0.07837617299061608,0.07837617299061608,11.773574343564622,0.0,8.0,26.0,0.0,0.0,0.0,270.46,270.46,0.0,35.220786,-80.845514
96,3rd St/Convention,45,15,0.06666666666666667,0.013485166317051244,0.0453940665268205,0.0453940665268205,11.874546892856015,0.0,24.0,95.0,0.0,9.0,9.0,469.97,469.97,0.0,35.223973,-80.845254
97,3rd St/Convention,398,15,0.06666666666666667,0.11926880431525322,0.0877075217261013,0.0877075217261013,14.772924115415167,0.0,14.0,49.0,0.0,8.0,12.0,469.97,469.97,0.0,35.225651,-80.845306
98,CTC/Arena,309,17,0.058823529411764705,0.02497978981406629,0.04528603357268534,0.04528603357268534,24.293402964746857,0.0,2.0,22.0,0.0,0.0,2.0,460.12,460.12,0.0,35.22733,-80.845307
99,CTC/Arena,246,17,0.058823529411764705,0.01988682295877122,0.04324884683056731,0.04324884683056731,25.54260652176819,0.0,0.0,10.0,0.0,0.0,1.0,556.86,556.86,1.0,35.228968,-80.84514
100,Brooklyn Village,75,18,0.05555555555555555,0.04589963280293757,0.051693186454508364,0.051693186454508364,23.88512687220153,0.0,2.0,18.0,0.0,0.0,1.0,270.46,270.46,0.0,35.219973,-80.844631
101,3rd St/Convention,470,15,0.06666666666666667,0.14084507042253522,0.0963380281690141,0.0963380281690141,21.9063366562965,0.0,12.0,51.0,0.0,0.0,0.0,469.97,469.97,0.0,35.224709,-80.844206
102,CTC/Arena,767,17,0.058823529411764705,0.06200485044462409,0.060096057824908455,0.060096057824908455,8.447193939426734,4.0,14.0,44.0,4.0,10.0,32.0,460.12,460.12,0.0,35.226412,-80.844208
103,CTC/Arena,264,17,0.058823529411764705,0.02134195634599838,0.043830900185458176,0.043830900185458176,13.532379815623955,0.0,6.0,19.0,0.0,1.0,4.0,429.4,429.4,1.0,35.228131,-80.844166
104,Brooklyn Village,67,18,0.05555555555555555,0.04100367197062423,0.04973480212158303,0.04973480212158303,16.332479633231788,0.0,2.0,9.0,0.0,0.0,3.0,403.56,403.56,1.0,35.219052,-80.843542
105,3rd St/Convention,280,15,0.06666666666666667,0.08390770152831885,0.07356308061132755,0.07356308061132755,18.984763919580235,0.0,9.0,57.0,0.0,0.0,0.0,469.97,469.97,0.0,35.222248,-80.843363
106,CTC/Arena,426,17,0.058823529411764705,0.03443815683104284,0.04906938037947596,0.04906938037947596,12.451090566054813,0.0,6.0,26.0,0.0,0.0,2.0,460.12,460.12,0.0,35.225467,-80.843098
107,CTC/Arena,1676,17,0.058823529411764705,0.1354890864995958,0.08948975224689715,0.08948975224689715,19.323182648279857,0.0,6.0,44.0,0.0,10.0,62.0,460.12,460.12,0.0,35.227199,-80.843083
108,CTC/Arena,256,17,0.058823529411764705,0.020695230396119646,0.04357220980550668,0.04357220980550668,27.315029002852008,0.0,0.0,4.0,0.0,0.0,1.0,460.12,460.12,1.0,35.228926,-80.843025
109,Brooklyn Village,23,18,0.05555555555555555,0.014075887392900856,0.038963688290493674,0.038963688290493674,19.93110855823936,0.0,3.0,9.0,0.0,0.0,2.0,525.07,525.07,1.0,35.218261,-80.84261
110,3rd St/Convention,219,15,0.06666666666666667,0.06562780940964938,0.06625112376385975,0.06625112376385975,20.605121763694505,0.0,4.0,18.0,0.0,0.0,12.0,469.97,469.97,0.0,35.221184,-80.842679
111,3rd St/Convention,113,15,0.06666666666666667,0.03386275097392868,0.05354510038957147,0.05354510038957147,3.5239655891287573,3.0,21.0,51.0,0.0,0.0,0.0,469.97,469.97,0.0,35.223007,-80.842269
112,3rd St/Convention,91,15,0.06666666666666667,0.027270002996703627,0.050908001198681455,0.050908001198681455,14.716917516753664,0.0,6.0,29.0,0.0,0.0,2.0,469.97,469.97,0.0,35.220123,-80.841999
113,CTC/Arena,3356,17,0.058823529411764705,0.271301535974131,0.14381473203671122,0.14381473203671122,13.095393850415071,0.0,15.0,66.0,0.0,9.0,12.0,460.12,460.12,0.0,35.226243,-80.841973
114,CTC/Arena,1096,17,0.058823529411764705,0.08860145513338723,0.07073469970041371,0.07073469970041371,7.792224077892593,2.0,14.0,37.0,0.0,11.0,23.0,460.12,460.12,0.0,35.227994,-80.841946
115,7th Street,22,20,0.05,0.005817028027498678,0.03232681121099947,0.03232681121099947,12.8205328257532,0.0,3.0,12.0,0.0,1.0,3.0,445.24,445.24,1.0,35.229707,-80.841901
116,3rd St/Convention,21,15,0.06666666666666667,0.006293077614623914,0.04251723104584956,0.04251723104584956,9.715872185480267,2.0,14.0,44.0,0.0,0.0,0.0,469.97,469.97,0.0,35.222159,-80.841275
117,CTC/Arena,324,17,0.058823529411764705,0.026192400970088923,0.04577107803509439,0.04577107803509439,12.928149576773176,0.0,12.0,20.0,0.0,0.0,5.0,460.12,460.12,0.0,35.223788,-80.841164
118,CTC/Arena,459,17,0.058823529411764705,0.03710590137429264,0.05013647819677588,0.05013647819677588,10.82647247513297,0.0,18.0,86.0,0.0,3.0,6.0,460.12,460.12,0.0,35.227041,-80.840856
119,7th Street,297,20,0.05,0.07852987837123215,0.06141195134849286,0.06141195134849286,8.873636574156393,2.0,8.0,30.0,2.0,4.0,19.0,372.02,372.02,0.0,35.228772,-80.840838
120,3rd St/Convention,146,15,0.06666666666666667,0.043751872939766255,0.0575007491759065,0.0575007491759065,21.213575387138466,0.0,3.0,18.0,0.0,0.0,0.0,359.3,359.3,1.0,35.221303,-80.840288
121,CTC/Arena,220,17,0.058823529411764705,0.01778496362166532,0.04240810309572495,0.04240810309572495,12.309288975378607,0.0,9.0,40.0,0.0,0.0,0.0,460.12,460.12,0.0,35.222953,-80.840194
122,CTC/Arena,349,17,0.058823529411764705,0.028213419563459984,0.04657948547244282,0.04657948547244282,12.263351029567836,0.0,9.0,39.0,3.0,3.0,6.0,460.12,460.12,0.0,35.224569,-80.839996
123,7th Street,618,20,0.05,0.1634056054997356,0.09536224219989424,0.09536224219989424,14.47002293243841,0.0,33.0,69.0,0.0,6.0,8.0,372.02,372.02,0.0,35.227841,-80.839745
124,7th Street,221,20,0.05,0.05843469063987308,0.053373876255949235,0.053373876255949235,6.925424064199982,2.0,12.0,32.0,0.0,4.0,8.0,372.02,372.02,0.0,35.229505,-80.839786
125,9th Street,47,39,0.02564102564102564,0.012536676447052548,0.020399285963436403,0.020399285963436403,5.392983459592417,4.0,10.0,18.0,0.0,0.0,0.0,465.64,465.64,1.0,35.231162,-80.839797
126,9th Street,23,39,0.02564102564102564,0.006134969325153374,0.017838603114676735,0.017838603114676735,2.2741649255745866,4.0,11.0,13.0,0.0,0.0,0.0,566.71,566.71,1.0,35.232923,-80.839833
127,CTC/Arena,142,17,0.058823529411764705,0.011479385610347614,0.03988587189119787,0.03988587189119787,5.232806790572972,2.0,14.0,50.0,0.0,0.0,4.0,460.12,460.12,0.0,35.2221,-80.839211
128,9th Street,26,39,0.02564102564102564,0.006935182715390771,0.01815868847077169,0.01815868847077169,5.180917223280642,1.0,1.0,5.0,0.0,0.0,2.0,536.96,536.96,1.0,35.233081,-80.839224
129,CTC/Arena,110,17,0.058823529411764705,0.00889248181083266,0.038851110371391884,0.038851110371391884,20.551342114616418,0.0,6.0,36.0,0.0,0.0,0.0,460.12,460.12,0.0,35.223768,-80.839041
130,7th Street,684,20,0.05,0.1808566895822316,0.10234267583289265,0.10234267583289265,10.729405881467036,0.0,6.0,15.0,0.0,0.0,3.0,372.02,372.02,0.0,35.228585,-80.838701
131,9th Street,358,39,0.02564102564102564,0.095492131234996,0.05358146787861379,0.05358146787861379,4.288698113358846,1.0,9.0,22.0,1.0,2.0,3.0,345.45,345.45,1.0,35.230244,-80.838738
132,9th Street,4,39,0.02564102564102564,0.0010669511869831954,0.01581139585940866,0.01581139585940866,8.419599292552121,1.0,6.0,13.0,0.0,0.0,0.0,419.41,419.41,1.0,35.231934,-80.838719
133,7th Street,31,20,0.05,0.00819672131147541,0.033278688524590164,0.033278688524590164,6.5824473138155914,2.0,8.0,29.0,0.0,0.0,0.0,372.02,372.02,0.0,35.225754,-80.838332
134,CTC/Arena,2313,17,0.058823529411764705,0.18698464025869038,0.11008797375053497,0.11008797375053497,18.6790933041779,0.0,6.0,35.0,0.0,0.0,1.0,460.12,460.12,0.0,35.222915,-80.83802
135,7th Street,130,20,0.05,0.03437334743521946,0.04374933897408778,0.04374933897408778,25.29653094558796,0.0,0.0,12.0,0.0,0.0,0.0,372.02,372.02,0.0,35.224565,-80.837927
136,7th Street,128,20,0.05,0.033844526705446853,0.04353781068217874,0.04353781068217874,29.021700682103784,0.0,0.0,29.0,0.0,0.0,6.0,372.02,372.02,0.0,35.226161,-80.837768
137,7th Street,303,20,0.05,0.08011634056054998,0.06204653622421999,0.06204653622421999,17.797036599817208,0.0,4.0,14.0,0.0,0.0,4.0,372.02,372.02,0.0,35.229332,-80.837656
138,9th Street,40,39,0.02564102564102564,0.010669511869831956,0.019652420132548167,0.019652420132548167,20.652680925675405,0.0,1.0,13.0,0.0,0.0,2.0,282.59,282.59,1.0,35.231011,-80.837663
139,9th Street,702,39,0.02564102564102564,0.18724993331555081,0.09028458871083571,0.09028458871083571,3.3962442207255514,1.0,5.0,17.0,0.0,0.0,2.0,409.9,409.9,1.0,35.232696,-80.837638
140,9th Street,319,39,0.02564102564102564,0.08508935716190984,0.04942035824937932,0.04942035824937932,7.627697418741734,1.0,8.0,23.0,0.0,0.0,2.0,411.0,411.0,1.0,35.23278,-80.837512
141,CTC/Arena,57,17,0.058823529411764705,0.004607922392886015,0.03713728660421323,0.03713728660421323,8.155818121556875,1.0,2.0,9.0,0.0,0.0,0.0,508.14,508.14,1.0,35.222096,-80.837071
142,7th Street,53,20,0.05,0.014013749338974087,0.03560549973558964,0.03560549973558964,18.50803836215405,0.0,4.0,39.0,0.0,0.0,0.0,372.02,372.02,0.0,35.223718,-80.836913
143,7th Street,347,20,0.05,0.09175039661554733,0.06670015864621893,0.06670015864621893,16.127524113292793,0.0,8.0,23.0,0.0,2.0,2.0,372.02,372.02,0.0,35.225305,-80.836821
144,7th Street,97,20,0.05,0.025647805393971445,0.040259122157588575,0.040259122157588575,16.158701393120445,0.0,12.0,44.0,0.0,3.0,45.0,372.02,372.02,0.0,35.2269,-80.83673
145,7th Street,44,20,0.05,0.011634056054997356,0.034653622421998945,0.034653622421998945,17.69024432529131,0.0,4.0,10.0,0.0,4.0,16.0,372.02,372.02,0.0,35.228535,-80.83672
146,9th Street,189,39,0.02564102564102564,0.05041344358495599,0.03554999281859778,0.03554999281859778,5.303800906159705,2.0,7.0,10.0,0.0,0.0,0.0,268.9,268.9,1.0,35.231598,-80.836839
147,9th Street,14,39,0.02564102564102564,0.0037343291544411844,0.016878347046391858,0.016878347046391858,11.86022750701815,0.0,3.0,7.0,0.0,0.0,0.0,468.78,468.78,1.0,35.233639,-80.836869
148,9th Street,137,39,0.02564102564102564,0.036543078154174444,0.030001846646285163,0.030001846646285163,100.46937843034114,0.0,0.0,0.0,0.0,0.0,2.0,150.23,150.23,1.0,35.23009,-80.836581
149,9th Street,121,39,0.02564102564102564,0.032275273406241665,0.028294724747112053,0.028294724747112053,14.886943283811481,0.0,2.0,7.0,0.0,0.0,1.0,274.15,274.15,1.0,35.23185,-80.836487
150,7th Street,140,20,0.05,0.0370174510840825,0.044806980433633,0.044806980433633,10.283919716657852,0.0,6.0,21.0,0.0,0.0,0.0,365.85,365.85,1.0,35.224467,-80.835845
151,7th Street,137,20,0.05,0.03622421998942359,0.04448968799576943,0.04448968799576943,16.243057849034358,0.0,10.0,39.0,0.0,0.0,0.0,372.02,372.02,0.0,35.226069,-80.835717
152,7th Street,38,20,0.05,0.010047593865679535,0.034019037546271814,0.034019037546271814,17.17560157744563,0.0,2.0,10.0,0.0,8.0,24.0,372.02,372.02,0.0,35.227647,-80.835655
153,9th Street,237,39,0.02564102564102564,0.06321685782875433,0.04067135851611712,0.04067135851611712,42.37606132001881,0.0,0.0,2.0,0.0,4.0,19.0,409.9,409.9,0.0,35.229334,-80.835683
154,9th Street,19,39,0.02564102564102564,0.005068018138170179,0.017411822639883456,0.017411822639883456,55.455054245114205,0.0,0.0,0.0,0.0,0.0,0.0,125.21,125.21,1.0,35.230593,-80.835842
155,9th Street,20,39,0.02564102564102564,0.005334755934915978,0.017518517758581775,0.017518517758581775,26.445336606934628,0.0,0.0,9.0,0.0,0.0,0.0,317.91,317.91,1.0,35.232532,-80.835541
156,7th Street,159,20,0.05,0.042041248016922265,0.046816499206768905,0.046816499206768905,7.65572414266574,1.0,6.0,21.0,0.0,0.0,0.0,372.02,372.02,1.0,35.22524,-80.83476
157,7th Street,103,20,0.05,0.027234267583289264,0.040893707033315706,0.040893707033315706,5.828788271618265,2.0,16.0,34.0,0.0,0.0,0.0,372.02,372.02,0.0,35.226813,-80.834672
158,9th Street,21,39,0.02564102564102564,0.005601493731661776,0.017625212877280094,0.017625212877280094,14.080922025858111,0.0,6.0,24.0,0.0,0.0,2.0,409.9,409.9,0.0,35.228386,-80.834577
159,9th Street,44,39,0.02564102564102564,0.01173646305681515,0.020079200607341446,0.020079200607341446,86.57363495220063,0.0,0.0,0.0,0.0,0.0,1.0,217.32,217.32,1.0,35.231604,-80.834435
160,9th Street,23,39,0.02564102564102564,0.006134969325153374,0.017838603114676735,0.017838603114676735,6.524697905148198,2.0,10.0,26.0,0.0,0.0,0.0,409.9,409.9,0.0,35.22806,-80.834181
161,7th Street,134,20,0.05,0.035430988894764676,0.04417239555790587,0.04417239555790587,3.2277360675876254,2.0,10.0,20.0,0.0,0.0,0.0,498.11,498.11,1.0,35.224416,-80.833784
162,7th Street,96,20,0.05,0.02538339502908514,0.040153358011634055,0.040153358011634055,9.332043812651035,2.0,18.0,47.0,0.0,0.0,0.0,372.02,372.02,0.0,35.225987,-80.833699
163,9th Street,93,39,0.02564102564102564,0.024806615097359295,0.025307261423559102,0.025307261423559102,8.035058607563585,4.0,16.0,55.0,0.0,0.0,0.0,409.9,409.9,0.0,35.227445,-80.833772
164,9th Street,50,39,0.02564102564102564,0.013336889837289943,0.02071937131953136,0.02071937131953136,136.94743667401417,0.0,0.0,0.0,0.0,0.0,0.0,293.32,293.32,1.0,35.232139,-80.833753
165,9th Street,5,39,0.02564102564102564,0.0013336889837289945,0.01591809097810698,0.01591809097810698,6.92425791111578,2.0,11.0,44.0,0.0,0.0,0.0,409.9,409.9,0.0,35.22758,-80.83358
166,9th Street,13,39,0.02564102564102564,0.0034675913576953854,0.01677165192769354,0.01677165192769354,19.947789538485583,0.0,3.0,10.0,0.0,0.0,0.0,150.86,150.86,1.0,35.229178,-80.833469
167,9th Street,15,39,0.02564102564102564,0.0040010669511869835,0.016985042165090176,0.016985042165090176,4.678201725987232,1.0,13.0,44.0,0.0,0.0,3.0,397.9,397.9,1.0,35.226548,-80.832911
168,9th Street,33,39,0.02564102564102564,0.008802347292611363,0.018905554301659928,0.018905554301659928,9.274434607499474,2.0,19.0,49.0,0.0,0.0,3.0,381.8,381.8,1.0,35.226699,-80.832944
169,9th Street,23,39,0.02564102564102564,0.006134969325153374,0.017838603114676735,0.017838603114676735,9.272248271663,2.0,18.0,47.0,0.0,1.0,3.0,412.69,412.69,1.0,35.226505,-80.832675
170,9th Street,157,39,0.02564102564102564,0.041877834089090425,0.032135749020251556,0.032135749020251556,9.450873679644955,2.0,4.0,9.0,0.0,0.0,1.0,265.53,265.53,1.0,35.22815,-80.832776
171,9th Street,533,39,0.02564102564102564,0.14217124566551081,0.07225311365081971,0.07225311365081971,41.98198762043084,0.0,0.0,1.0,0.0,1.0,1.0,417.26,417.26,1.0,35.232917,-80.832622
172,9th Street,19,39,0.02564102564102564,0.005068018138170179,0.017411822639883456,0.017411822639883456,40.59508146313144,0.0,0.0,4.0,0.0,1.0,5.0,303.64,303.64,1.0,35.227882,-80.832505
173,9th Street,12,39,0.02564102564102564,0.0032008535609495867,0.01666495680899522,0.01666495680899522,13.015250553574447,0.0,4.0,8.0,0.0,0.0,0.0,239.25,239.25,1.0,35.229947,-80.832388
174,9th Street,35,39,0.02564102564102564,0.00933582288610296,0.01911894453905657,0.01911894453905657,35.768899231695,0.0,0.0,8.0,1.0,2.0,5.0,353.75,353.75,1.0,35.227552,-80.832126
175,9th Street,94,39,0.02564102564102564,0.025073352894105096,0.02541395654225742,0.02541395654225742,12.737353586967913,0.0,1.0,1.0,0.0,0.0,0.0,316.64,316.64,1.0,35.231461,-80.832261
176,9th Street,56,39,0.02564102564102564,0.014937316617764738,0.02135954203172128,0.02135954203172128,13.243368030097216,0.0,11.0,24.0,0.0,3.0,3.0,520.83,520.83,1.0,35.225767,-80.831872
177,9th Street,11,39,0.02564102564102564,0.0029341157642037877,0.0165582616902969,0.0165582616902969,2.827237487452765,1.0,7.0,16.0,0.0,1.0,3.0,390.9,390.9,1.0,35.227292,-80.831863
178,9th Street,3,39,0.02564102564102564,0.0008002133902373967,0.015704700740710342,0.015704700740710342,71.44661820886844,0.0,0.0,0.0,0.0,0.0,0.0,290.04,290.04,1.0,35.230298,-80.831897
179,9th Street,113,39,0.02564102564102564,0.030141371032275273,0.027441163797525495,0.027441163797525495,2.638671068260564,1.0,5.0,13.0,0.0,0.0,2.0,396.53,396.53,1.0,35.22752,-80.831546
180,9th Street,9,39,0.02564102564102564,0.00240064017071219,0.01634487145290026,0.01634487145290026,39.44185634585603,0.0,0.0,3.0,0.0,0.0,0.0,312.82,312.82,1.0,35.23045,-80.831686
181,9th Street,53,39,0.02564102564102564,0.01413710322752734,0.02103945667562632,0.02103945667562632,13.158830080869748,0.0,4.0,5.0,0.0,0.0,1.0,337.83,337.83,1.0,35.230929,-80.831603
182,9th Street,8,39,0.02564102564102564,0.002133902373966391,0.01623817633420194,0.01623817633420194,33.23417817303384,0.0,0.0,5.0,0.0,0.0,0.0,331.36,331.36,1.0,35.229132,-80.831425
183,9th Street,70,39,0.02564102564102564,0.01867164577220592,0.022853273693497753,0.022853273693497753,11.128981686587776,0.0,3.0,4.0,0.0,0.0,1.0,351.67,351.67,1.0,35.230711,-80.831337
